221,0x0100,00 00
226,0x0009,00 87
230,0x0076,00 CD
235,0x0070,00 17
0017
240,0x0001,00 02
246,0x0031,00 00
251,0x0064,00 00
7290,0x0009,00 86
7324,0x0009,00 87
8309,0x0009,00 86
8343,0x0009,00 87
8449,0x0009,00 86
8484,0x0009,00 87
8519,0x0009,00 86
8555,0x0009,00 87
8589,0x0009,00 86
8624,0x0009,00 87
8765,0x0009,00 86
8801,0x0009,00 87
8835,0x0009,00 86
8870,0x0009,00 87
8941,0x0009,00 86
8976,0x0009,00 87
9011,0x0009,00 86
9081,0x0009,00 87
9151,0x0009,00 86
9187,0x0009,00 87
9222,0x0009,00 86
9257,0x0009,00 87
9292,0x0009,00 86
9362,0x0009,00 87
9397,0x0009,00 86
9468,0x0009,00 87
9538,0x0009,00 86
9679,0x0009,00 87
9714,0x0009,00 86
9924,0x0009,00 87
9960,0x0009,00 86
10100,0x0009,00 87
10135,0x0009,00 86
18383,0x0076,00 EE
18388,0x0070,00 23
0023
18393,0x0001,00 03
18418,0x0076,01 8D
18423,0x0070,00 38
0038
18428,0x0001,00 0E
18452,0x0076,02 70
18463,0x0001,00 0F
18487,0x0076,03 18
18523,0x0076,03 99
21088,0x0076,03 95
21124,0x0076,03 4A
21159,0x0076,02 D9
21194,0x0076,02 4D
21229,0x0076,01 B5
21263,0x0076,01 39
21269,0x0070,00 37
0037
21298,0x0076,00 E6
21303,0x0070,00 20
0020
21309,0x0001,00 07
21334,0x0076,00 CD
21339,0x0070,00 17
0017
21344,0x0001,00 03
21379,0x0001,00 02
22144,0x0076,00 D0
22178,0x0076,00 FE
22183,0x0070,00 21
0021
22188,0x0001,00 06
22213,0x0076,01 52
22218,0x0070,00 38
0038
22223,0x0001,00 0D
22248,0x0076,01 D5
22258,0x0001,00 0F
22282,0x0076,02 75
22317,0x0076,02 F9
22352,0x0076,03 6E
22389,0x0076,03 99
23162,0x0076,03 4F
23197,0x0076,02 AC
23232,0x0076,01 D2
23267,0x0076,01 23
23272,0x0070,00 37
0037
23277,0x0001,00 0E
23301,0x0076,00 CD
23307,0x0070,00 17
0017
23312,0x0001,00 04
23347,0x0001,00 03
23417,0x0001,00 02
23828,0x0076,00 E1
23834,0x0070,00 1F
001F
23839,0x0001,00 03
23863,0x0076,01 6C
23868,0x0070,00 38
0038
23874,0x0001,00 0D
23899,0x0076,02 30
23909,0x0001,00 0F
23936,0x0076,02 F5
23970,0x0076,03 95
24005,0x0076,03 99
25716,0x0070,00 17
0017
25721,0x0001,00 02
25745,0x0076,00 CD
29721,0x0064,00 FF
29725,0x0100,20 1C
29761,0x0100,1F B4
29796,0x0100,1F 30
29831,0x0100,1E 70
29867,0x0100,1D B4
29900,0x0100,1E 08
29935,0x0100,1D FC
29970,0x0100,1D 74
30006,0x0100,1D 8C
30041,0x0100,1E 18
30055,0x0070,00 16
0016
30076,0x0100,1E 80
30111,0x0100,1E C8
30146,0x0100,1E 60
30181,0x0100,1E 2C
30216,0x0100,1E 44
30252,0x0100,1D BC
30287,0x0100,1C 60
30322,0x0100,1C 90
30357,0x0100,1D D8
30372,0x0070,00 15
0015
30392,0x0100,1D E0
30427,0x0100,1D F0
30462,0x0100,1E 0C
30493,0x0064,00 00
30498,0x0100,1E 4C
30533,0x0100,1E 90
30568,0x0100,1E 70
30603,0x0100,1E 04
30638,0x0100,1D D4
30672,0x0100,1D C8
30694,0x0001,00 01
30708,0x0100,1D 7C
30729,0x0001,00 02
30743,0x0100,1D 2C
30764,0x0001,00 01
30779,0x0100,1D 48
30814,0x0100,1D 44
30828,0x0070,00 14
0014
30849,0x0100,1C EC
30884,0x0100,1C 7C
30918,0x0100,1C 24
30954,0x0100,1C 2C
30985,0x0064,00 FF
30989,0x0100,1C 70
31025,0x0100,1C 88
31060,0x0100,1C 90
31095,0x0100,1C 28
31109,0x0070,00 13
0013
31130,0x0100,1B C0
31165,0x0100,1B F0
31200,0x0100,1C 34
31235,0x0100,1C 24
31271,0x0100,1C 10
31306,0x0100,1B 84
31341,0x0100,1B 34
31376,0x0100,1B C0
31411,0x0100,1C 08
31431,0x0001,00 00
31446,0x0100,1B BC
31467,0x0001,00 01
31481,0x0100,1B 94
31516,0x0100,1B 90
31537,0x0001,00 00
31552,0x0100,1B 4C
31566,0x0070,00 12
0012
31587,0x0100,1A 78
31622,0x0100,1A 2C
31657,0x0100,1A B4
31691,0x0100,1B 00
31727,0x0100,1B 04
31798,0x0100,1A F8
31833,0x0100,1B 10
31868,0x0100,1B 6C
31883,0x0070,00 11
0011
31903,0x0100,1B 78
31937,0x0100,1B 50
31973,0x0100,1B 1C
32004,0x0064,00 00
32008,0x0100,1A F0
32044,0x0100,1A C0
32079,0x0100,1A 9C
32114,0x0100,1A 70
32149,0x0100,1A 4C
32164,0x0070,00 10
0010
32184,0x0100,1A 08
32219,0x0100,19 C0
32254,0x0100,19 B0
32290,0x0100,19 E0
32325,0x0100,19 FC
32360,0x0100,19 F4
32395,0x0100,19 EC
32430,0x0100,19 E4
32464,0x0100,19 D8
32495,0x0064,00 FF
32500,0x0100,19 B8
32535,0x0100,19 A0
32571,0x0100,19 C0
32606,0x0100,19 DC
32641,0x0100,19 6C
32676,0x0100,18 BC
32710,0x0100,18 F4
32746,0x0100,19 58
32781,0x0100,19 6C
32817,0x0100,19 84
32852,0x0100,19 70
32887,0x0100,19 50
32922,0x0100,19 94
32957,0x0100,19 F8
32992,0x0100,19 DC
33027,0x0100,19 88
33063,0x0100,19 A0
33098,0x0100,1A 00
33133,0x0100,1A 34
33168,0x0100,1A 24
33203,0x0100,1A 30
33238,0x0100,1A 58
33273,0x0100,1A 4C
33309,0x0100,1A 14
33344,0x0100,19 F4
33379,0x0100,1A 18
33414,0x0100,1A 34
33483,0x0100,1A 0C
33514,0x0064,00 00
33519,0x0100,19 D4
33554,0x0100,19 A4
33590,0x0100,19 C0
33625,0x0100,19 E4
33630,0x0009,00 85
33660,0x0100,19 F4
33665,0x0009,00 86
33695,0x0100,1A 24
33729,0x0100,1A 80
33765,0x0100,1A DC
33770,0x0009,00 85
33800,0x0100,1A 5C
33805,0x0009,00 86
33836,0x0100,19 A4
33840,0x0009,00 85
33871,0x0100,19 7C
33906,0x0100,19 5C
34006,0x0064,00 FF
34011,0x0100,19 88
34046,0x0100,19 B0
34082,0x0100,19 EC
34117,0x0100,1A 28
34152,0x0100,19 F0
34187,0x0100,19 A0
34222,0x0100,19 98
34256,0x0100,19 BC
34292,0x0100,19 C4
34363,0x0100,19 C0
34433,0x0100,19 C8
34468,0x0100,19 D8
34502,0x0100,19 C8
34538,0x0100,19 98
34549,0x0076,00 D0
34573,0x0100,19 7C
34583,0x0076,00 D3
34609,0x0100,19 A4
34618,0x0076,00 D8
34623,0x0070,00 14
0014
34644,0x0100,19 C4
34654,0x0076,00 E9
34658,0x0070,00 18
0018
34663,0x0001,00 03
34679,0x0100,19 AC
34689,0x0076,00 F1
34694,0x0070,00 1B
001B
34714,0x0100,19 B4
34724,0x0076,00 FF
34729,0x0070,00 1D
001D
34734,0x0001,00 05
34748,0x0100,1A 78
34759,0x0076,01 11
34764,0x0070,00 23
0023
34769,0x0001,00 07
34784,0x0100,1C 34
34795,0x0076,01 17
34800,0x0070,00 25
0025
34805,0x0001,00 08
34819,0x0100,1D D8
34829,0x0076,01 19
34835,0x0070,00 26
0026
34855,0x0100,20 C8
34864,0x0076,01 17
34869,0x0070,00 25
0025
34890,0x0100,24 74
34899,0x0076,01 14
34904,0x0070,00 24
0024
34925,0x0100,27 3C
34935,0x0076,01 0C
34939,0x0070,00 21
0021
34960,0x0100,2A D0
34970,0x0076,00 F7
34975,0x0070,00 1C
001C
34979,0x0001,00 05
34989,0x0064,00 00
34995,0x0100,2D 2C
35005,0x0076,00 D4
35010,0x0070,00 10
0010
35015,0x0001,00 02
35030,0x0100,2F 2C
35041,0x0076,00 CD
35051,0x0001,00 00
35065,0x0100,2F 30
35101,0x0100,2D 14
35136,0x0100,2C 28
35171,0x0100,29 C8
35206,0x0100,28 68
35241,0x0100,26 F0
35275,0x0100,25 B0
35281,0x0009,00 84
35311,0x0100,24 08
35322,0x0076,00 D2
35346,0x0100,22 DC
35356,0x0076,00 DA
35362,0x0070,00 14
0014
35382,0x0100,21 8C
35391,0x0076,00 F1
35396,0x0070,00 19
0019
35402,0x0001,00 03
35417,0x0100,20 80
35422,0x0009,00 85
35427,0x0076,01 0C
35431,0x0070,00 22
0022
35436,0x0001,00 06
35452,0x0100,1F 34
35457,0x0009,00 84
35462,0x0076,01 0D
35471,0x0001,00 07
35481,0x0064,00 FF
35487,0x0100,1F C4
35497,0x0076,01 0C
35521,0x0100,20 EC
35537,0x0070,00 21
0021
35557,0x0100,22 30
35562,0x0009,00 85
35568,0x0076,01 0A
35592,0x0100,24 AC
35597,0x0009,00 84
35602,0x0076,01 07
35608,0x0070,00 20
0020
35628,0x0100,27 10
35637,0x0076,01 06
35648,0x0001,00 06
35663,0x0100,2A 3C
35672,0x0076,01 03
35677,0x0070,00 1F
001F
35698,0x0100,2C 30
35708,0x0076,00 F9
35713,0x0070,00 1C
001C
35717,0x0001,00 05
35733,0x0100,2E 30
35743,0x0076,00 DC
35748,0x0070,00 16
0016
35753,0x0001,00 02
35768,0x0100,2F 1C
35778,0x0076,00 CD
35783,0x0070,00 10
0010
35788,0x0001,00 00
35803,0x0100,2F 0C
35838,0x0100,2D A0
35874,0x0100,2C 3C
35909,0x0100,2A 74
35944,0x0100,28 F4
35979,0x0100,27 5C
36013,0x0100,26 24
36048,0x0100,24 5C
36084,0x0100,23 7C
36120,0x0100,22 30
36155,0x0100,21 1C
36190,0x0100,1F 38
36225,0x0100,1D 98
36260,0x0100,1B FC
36294,0x0100,1A 98
36330,0x0100,19 A8
36365,0x0100,18 EC
36401,0x0100,18 7C
36436,0x0100,18 3C
36471,0x0100,18 18
36481,0x0076,00 D0
36500,0x0064,00 00
36506,0x0100,18 1C
36516,0x0076,00 D2
36540,0x0100,18 80
36551,0x0076,00 D6
36556,0x0070,00 13
0013
36576,0x0100,19 3C
36592,0x0070,00 12
0012
36611,0x0100,19 DC
36621,0x0076,00 D5
36647,0x0100,19 A0
36656,0x0076,00 DA
36661,0x0070,00 14
0014
36667,0x0001,00 01
36682,0x0100,19 74
36691,0x0076,00 DD
36696,0x0070,00 15
0015
36701,0x0001,00 02
36717,0x0100,19 BC
36727,0x0076,00 E2
36731,0x0070,00 17
0017
36752,0x0100,1A 48
36762,0x0076,00 F7
36767,0x0070,00 1B
001B
36772,0x0001,00 04
36787,0x0100,1A C4
36797,0x0076,01 09
36802,0x0070,00 20
0020
36807,0x0001,00 06
36822,0x0100,1B E0
36833,0x0076,01 16
36838,0x0070,00 25
0025
36843,0x0001,00 08
36857,0x0100,1D A8
36867,0x0076,01 1C
36873,0x0070,00 27
0027
36878,0x0001,00 09
36893,0x0100,1F 8C
36902,0x0076,01 1D
36928,0x0100,23 28
36937,0x0076,01 1B
36963,0x0100,25 F0
36973,0x0076,01 18
36977,0x0070,00 26
0026
36993,0x0064,00 FF
36998,0x0100,2A 1C
37008,0x0076,01 16
37013,0x0070,00 25
0025
37017,0x0001,00 08
37033,0x0100,2C EC
37067,0x0100,2F D8
37079,0x0076,01 15
37084,0x0070,00 24
0024
37103,0x0100,31 C8
37114,0x0076,01 12
37120,0x0070,00 23
0023
37138,0x0100,34 48
37148,0x0076,01 10
37159,0x0001,00 07
37174,0x0100,35 C8
37183,0x0076,01 0F
37188,0x0070,00 22
0022
37209,0x0100,37 60
37219,0x0076,01 10
37223,0x0070,00 23
0023
37244,0x0100,38 9C
37254,0x0076,01 0F
37259,0x0070,00 22
0022
37279,0x0100,3A 14
37289,0x0076,00 FE
37294,0x0070,00 1E
001E
37299,0x0001,00 05
37313,0x0100,3B 18
37324,0x0076,00 E6
37329,0x0070,00 17
0017
37335,0x0001,00 03
37349,0x0100,3B E4
37360,0x0076,00 CD
37365,0x0070,00 10
0010
37370,0x0001,00 00
37384,0x0100,3B 20
37420,0x0100,38 C4
37455,0x0100,36 48
37490,0x0100,33 2C
37525,0x0100,31 58
37559,0x0100,2E C4
37595,0x0100,2D 04
37630,0x0100,2B 4C
37666,0x0100,29 80
37701,0x0100,27 40
37736,0x0100,25 A0
37771,0x0100,23 9C
37806,0x0100,22 64
37840,0x0100,20 D4
37876,0x0100,1F 38
37886,0x0076,00 D2
37912,0x0100,1D D0
37921,0x0076,00 D5
37927,0x0070,00 12
0012
37947,0x0100,1B E4
37977,0x0064,00 00
37982,0x0100,1B BC
37992,0x0076,00 D4
37996,0x0070,00 11
0011
38017,0x0100,1B 84
38027,0x0076,00 D1
38032,0x0070,00 10
0010
38052,0x0100,1A DC
38062,0x0076,00 CF
38086,0x0100,19 E4
38097,0x0076,00 CD
38122,0x0100,1A 14
38157,0x0100,1A 74
38167,0x0076,00 CF
38193,0x0100,1A 40
38202,0x0076,00 D7
38207,0x0070,00 13
0013
38228,0x0100,19 E4
38238,0x0076,00 F2
38242,0x0070,00 1A
001A
38247,0x0001,00 03
38263,0x0100,19 C4
38273,0x0076,01 0B
38278,0x0070,00 22
0022
38282,0x0001,00 06
38298,0x0100,19 90
38308,0x0076,01 0D
38318,0x0001,00 07
38332,0x0100,1A E8
38343,0x0076,01 0F
38348,0x0070,00 23
0023
38368,0x0100,1E 1C
38379,0x0076,01 13
38384,0x0070,00 24
0024
38403,0x0100,1F 94
38413,0x0076,01 16
38419,0x0070,00 25
0025
38424,0x0001,00 08
38439,0x0100,22 68
38474,0x0100,24 C8
38483,0x0076,01 15
38488,0x0070,00 24
0024
38504,0x0064,00 FF
38509,0x0100,28 28
38519,0x0076,01 10
38524,0x0070,00 23
0023
38544,0x0100,2A A4
38554,0x0076,01 08
38559,0x0070,00 20
0020
38564,0x0001,00 07
38579,0x0100,2D AC
38589,0x0076,00 ED
38594,0x0070,00 1A
001A
38599,0x0001,00 04
38614,0x0100,2F C0
38625,0x0076,00 CF
38630,0x0070,00 10
0010
38635,0x0001,00 01
38649,0x0100,31 24
38659,0x0076,00 CD
38670,0x0001,00 00
38685,0x0100,30 E8
38720,0x0100,2E EC
38755,0x0100,2D 70
38790,0x0100,2B 84
38825,0x0100,2A 04
38859,0x0100,28 D8
38895,0x0100,27 28
38931,0x0100,25 C8
38966,0x0100,24 4C
39001,0x0100,23 5C
39036,0x0100,21 DC
39071,0x0100,20 E0
39105,0x0100,1F F4
39141,0x0100,1E B0
39176,0x0100,1C A8
39212,0x0100,1B A8
39247,0x0100,1A 6C
39257,0x0076,00 D0
39282,0x0100,19 D0
39292,0x0076,00 EA
39297,0x0070,00 19
0019
39301,0x0001,00 02
39317,0x0100,19 0C
39327,0x0076,00 F9
39332,0x0070,00 1C
001C
39337,0x0001,00 04
39351,0x0100,18 D0
39362,0x0076,01 19
39367,0x0070,00 27
0027
39372,0x0001,00 07
39387,0x0100,18 EC
39398,0x0076,01 2E
39403,0x0070,00 2E
002E
39408,0x0001,00 0B
39422,0x0100,1A 18
39432,0x0076,01 2F
39443,0x0001,00 0C
39458,0x0100,1E 8C
39467,0x0076,01 2C
39472,0x0070,00 2D
002D
39488,0x0064,00 00
39493,0x0100,21 74
39502,0x0076,01 23
39507,0x0070,00 29
0029
39512,0x0001,00 0B
39528,0x0100,26 14
39538,0x0076,01 1D
39542,0x0070,00 28
0028
39547,0x0001,00 09
39563,0x0100,29 B8
39573,0x0076,01 0B
39578,0x0070,00 21
0021
39582,0x0001,00 07
39608,0x0076,00 E4
39613,0x0070,00 18
0018
39618,0x0001,00 03
39632,0x0100,2F 8C
39644,0x0076,00 CD
39649,0x0070,00 10
0010
39654,0x0001,00 00
39668,0x0100,2F FC
39704,0x0100,2E BC
39739,0x0100,2C 9C
39774,0x0100,2B 6C
39809,0x0100,29 68
39844,0x0100,27 94
39878,0x0100,26 40
39914,0x0100,24 8C
39949,0x0100,23 54
39980,0x0064,00 FF
39985,0x0100,21 F8
40020,0x0100,20 FC
40055,0x0100,1F E4
40065,0x0076,00 E1
40070,0x0070,00 16
0016
40074,0x0001,00 01
40090,0x0100,1E DC
40100,0x0076,01 1A
40105,0x0070,00 28
0028
40110,0x0001,00 06
40124,0x0100,1D 4C
40135,0x0076,01 39
40140,0x0070,00 34
0034
40145,0x0001,00 0C
40160,0x0100,1D 2C
40181,0x0001,00 0D
40195,0x0100,1E C0
41726,0x0100,1A 20
41736,0x0076,00 CD
41741,0x0070,00 10
0010
41745,0x0001,00 00
41761,0x0100,19 F4
41797,0x0100,19 D0
41831,0x0100,19 B4
41866,0x0100,19 A4
41902,0x0100,19 94
41937,0x0100,19 50
41973,0x0100,19 04
42008,0x0100,19 24
42043,0x0100,19 5C
42077,0x0100,19 A0
42112,0x0100,1A 18
42148,0x0100,19 F4
42183,0x0100,19 B4
42219,0x0100,19 A4
42254,0x0100,19 88
42289,0x0100,19 94
42323,0x0100,19 C0
42358,0x0100,19 CC
42393,0x0100,19 D0
42429,0x0100,19 80
42465,0x0100,18 B8
42496,0x0064,00 00
42500,0x0100,18 80
42535,0x0100,19 A0
42569,0x0100,1A 20
42604,0x0100,19 4C
42639,0x0100,18 B8
42675,0x0100,19 3C
42711,0x0100,19 C0
42746,0x0100,19 F8
42781,0x0100,1A 1C
42816,0x0100,19 C4
42850,0x0100,19 54
42885,0x0100,19 90
42921,0x0100,19 EC
42956,0x0100,19 A0
42987,0x0064,00 FF
42992,0x0100,19 20
43027,0x0100,19 30
43062,0x0100,19 5C
43096,0x0100,19 AC
43107,0x0076,00 D2
43131,0x0100,1A 38
43142,0x0076,00 D3
43167,0x0100,1A 04
43176,0x0076,00 D6
43182,0x0070,00 13
0013
43202,0x0100,19 74
43211,0x0076,00 DF
43216,0x0070,00 15
0015
43223,0x0001,00 02
43238,0x0100,19 78
43248,0x0076,00 E0
43252,0x0070,00 16
0016
43273,0x0100,1A 08
43308,0x0100,1A 7C
43318,0x0076,00 E3
43323,0x0070,00 17
0017
43342,0x0100,1B 5C
43353,0x0076,00 E6
43358,0x0070,00 18
0018
43363,0x0001,00 03
43377,0x0100,1B F8
43388,0x0076,00 E8
43412,0x0100,1C D4
43422,0x0076,00 E9
43428,0x0070,00 19
0019
43448,0x0100,1D C0
43462,0x0070,00 18
0018
43484,0x0100,1F 40
43493,0x0076,00 E6
43520,0x0100,1F F8
43529,0x0076,00 E3
43534,0x0070,00 17
0017
43554,0x0100,20 D8
43564,0x0076,00 DD
43569,0x0070,00 15
0015
43574,0x0001,00 02
43589,0x0100,21 54
43599,0x0076,00 DC
43623,0x0100,21 E4
43658,0x0100,22 3C
43668,0x0076,00 D8
43674,0x0070,00 13
0013
43679,0x0001,00 01
43694,0x0100,21 E8
43703,0x0076,00 D5
43708,0x0070,00 12
0012
43714,0x0001,00 00
43729,0x0100,21 78
43739,0x0076,00 D3
43744,0x0070,00 11
0011
43765,0x0100,20 B0
43800,0x0100,1F 8C
43810,0x0076,00 CD
43815,0x0070,00 10
0010
43835,0x0100,1E C0
43869,0x0100,1D F8
43904,0x0100,1C FC
43940,0x0100,1C 20
43970,0x0064,00 00
43975,0x0100,1B 24
44011,0x0100,19 98
44046,0x0100,19 10
44081,0x0100,19 24
44115,0x0100,19 10
44150,0x0100,18 AC
44185,0x0100,18 78
45716,0x0100,23 B8
45726,0x0076,00 ED
45731,0x0070,00 19
0019
45735,0x0001,00 04
45751,0x0100,24 80
45761,0x0076,00 EB
45785,0x0100,25 20
45796,0x0076,00 E7
45801,0x0070,00 18
0018
45806,0x0001,00 03
45820,0x0100,25 E8
45831,0x0076,00 D5
45836,0x0070,00 14
0014
45841,0x0001,00 01
45855,0x0100,26 3C
45865,0x0076,00 CD
45871,0x0070,00 10
0010
45876,0x0001,00 00
45891,0x0100,26 30
45926,0x0100,25 AC
45961,0x0100,24 74
45990,0x0064,00 FF
45996,0x0100,23 54
46030,0x0100,22 24
46065,0x0100,21 08
46100,0x0100,1F 60
46136,0x0100,1E 1C
46172,0x0100,1C 58
46208,0x0100,1A 60
46242,0x0100,18 D0
46276,0x0100,18 54
46311,0x0100,17 B8
46346,0x0100,17 A8
46382,0x0100,17 F8
46391,0x0076,00 D4
46417,0x0100,18 5C
46427,0x0076,00 EC
46432,0x0070,00 19
0019
46437,0x0001,00 03
46453,0x0100,18 BC
46464,0x0076,00 EF
46467,0x0070,00 1A
001A
46488,0x0100,19 6C
46498,0x0076,00 F3
46503,0x0070,00 1B
001B
46508,0x0001,00 04
46523,0x0100,1A 5C
46533,0x0076,00 F7
46538,0x0070,00 1C
001C
46557,0x0100,1C 3C
46592,0x0100,1E 4C
46628,0x0100,20 18
46663,0x0100,21 24
46699,0x0100,22 C0
46709,0x0076,00 F4
46713,0x0070,00 1B
001B
46734,0x0100,24 24
46744,0x0076,00 F2
46769,0x0100,25 F0
46779,0x0076,00 EF
46784,0x0070,00 1A
001A
46803,0x0100,26 80
46814,0x0076,00 E9
46819,0x0070,00 18
0018
46824,0x0001,00 03
46838,0x0100,27 B0
46849,0x0076,00 E5
46854,0x0070,00 17
0017
46874,0x0100,28 6C
46883,0x0076,00 E4
46909,0x0100,28 EC
46918,0x0076,00 E3
46929,0x0001,00 02
46945,0x0100,29 50
46955,0x0076,00 D5
46959,0x0070,00 11
0011
46964,0x0001,00 01
46976,0x0064,00 00
46980,0x0100,28 A0
46990,0x0076,00 CD
46999,0x0001,00 00
47015,0x0100,28 1C
47049,0x0100,27 68
47084,0x0100,26 10
47119,0x0100,24 80
47155,0x0100,23 40
47191,0x0100,21 A8
47226,0x0100,20 00
47241,0x0070,00 10
0010
47261,0x0100,1E 94
47296,0x0100,1C F0
47330,0x0100,1B 60
47365,0x0100,1A 24
47401,0x0100,18 68
47436,0x0100,18 30
47467,0x0064,00 FF
47472,0x0100,18 68
47507,0x0100,18 E4
47542,0x0100,19 6C
47576,0x0100,19 F4
47611,0x0100,1A 34
47647,0x0100,1A 14
47682,0x0100,19 A4
47718,0x0100,19 84
47753,0x0100,19 F8
47758,0x0009,00 85
47788,0x0100,1A 40
47793,0x0009,00 84
47822,0x0100,1A 04
47827,0x0009,00 85
47857,0x0100,19 C4
47862,0x0009,00 84
47892,0x0100,19 C8
47928,0x0100,19 D4
47933,0x0009,00 85
47964,0x0100,1A 08
48000,0x0100,1A 3C
48034,0x0100,1A 0C
48068,0x0100,19 C0
48103,0x0100,19 B0
48108,0x0009,00 84
48138,0x0100,19 9C
48174,0x0100,19 EC
48178,0x0009,00 85
48209,0x0100,1A 64
48215,0x0009,00 84
48245,0x0100,1A 54
48280,0x0100,1A 44
48285,0x0009,00 85
48315,0x0100,1A 30
48349,0x0100,1A 20
48384,0x0100,1A 00
48394,0x0076,00 D1
48420,0x0100,19 D4
48429,0x0076,00 D2
48455,0x0100,19 B8
48464,0x0076,00 D1
48486,0x0064,00 00
48491,0x0100,19 98
48526,0x0100,19 78
48536,0x0076,00 D6
48541,0x0070,00 12
0012
48561,0x0100,19 5C
48571,0x0076,00 D7
48576,0x0070,00 13
0013
48581,0x0001,00 01
48595,0x0100,19 28
48630,0x0100,18 FC
48666,0x0100,19 48
48675,0x0076,00 D8
48701,0x0100,19 F0
48737,0x0100,1A C8
48747,0x0076,00 DC
48751,0x0070,00 15
0015
48756,0x0001,00 02
48772,0x0100,1B 68
48782,0x0076,00 E3
48787,0x0070,00 17
0017
48807,0x0100,1C 2C
48817,0x0076,00 E4
48827,0x0001,00 03
48841,0x0100,1C BC
48852,0x0076,00 E6
48857,0x0070,00 18
0018
48876,0x0100,1D 84
48887,0x0076,00 EC
48892,0x0070,00 19
0019
48911,0x0100,1E 2C
48947,0x0100,1E DC
48956,0x0076,00 EA
48977,0x0064,00 FF
48983,0x0100,1F 70
48993,0x0076,00 E7
48997,0x0070,00 18
0018
49018,0x0100,20 40
49028,0x0076,00 E5
49033,0x0070,00 17
0017
49053,0x0100,21 08
49063,0x0076,00 E0
49068,0x0070,00 16
0016
49073,0x0001,00 02
49088,0x0100,22 2C
49098,0x0076,00 DD
49103,0x0070,00 15
0015
49122,0x0100,22 A0
49133,0x0076,00 DC
49157,0x0100,22 D4
49167,0x0076,00 DA
49173,0x0070,00 14
0014
49178,0x0001,00 01
49193,0x0100,22 AC
49202,0x0076,00 D5
49207,0x0070,00 12
0012
49212,0x0001,00 00
49238,0x0076,00 CE
49243,0x0070,00 10
0010
49264,0x0100,22 28
49274,0x0076,00 CD
49299,0x0100,21 68
49334,0x0100,1F 78
49368,0x0100,1E 14
49403,0x0100,1C F4
49439,0x0100,1B F4
49474,0x0100,19 A8
49510,0x0100,17 F0
49545,0x0100,18 78
49580,0x0100,19 3C
49614,0x0100,19 2C
49649,0x0100,19 10
49684,0x0100,19 30
49720,0x0100,19 5C
49756,0x0100,19 98
49792,0x0100,19 C8
49826,0x0100,19 A0
49860,0x0100,19 4C
49895,0x0100,19 3C
49930,0x0100,19 84
49966,0x0100,19 A4
49996,0x0064,00 00
50001,0x0100,19 80
50037,0x0100,19 94
50072,0x0100,19 FC
50107,0x0100,1A 58
50141,0x0100,1A 20
50176,0x0100,19 D4
50212,0x0100,19 B8
50247,0x0100,19 90
50283,0x0100,19 C0
50318,0x0100,19 E0
50353,0x0100,19 C0
50387,0x0100,19 B8
50422,0x0100,1A 3C
50458,0x0100,1A A4
50488,0x0064,00 FF
50493,0x0100,1A 24
50529,0x0100,19 B4
50564,0x0100,19 70
50599,0x0100,19 34
50633,0x0100,19 A0
50668,0x0100,1A 20
50704,0x0100,19 BC
50739,0x0100,19 30
50775,0x0100,19 5C
50810,0x0100,19 D8
50845,0x0100,19 D4
50879,0x0100,19 78
50914,0x0100,19 54
50949,0x0100,19 70
50985,0x0100,19 B0
51020,0x0100,19 FC
51056,0x0100,1A 28
51091,0x0100,19 EC
51126,0x0100,19 B0
51160,0x0100,19 A4
51195,0x0100,19 78
51231,0x0100,19 38
51266,0x0100,18 D8
51302,0x0100,19 58
51337,0x0100,19 B8
51372,0x0100,19 A8
51406,0x0100,19 9C
51441,0x0100,19 40
51472,0x0064,00 00
51477,0x0100,18 EC
51512,0x0100,19 54
51548,0x0100,19 D8
51584,0x0100,19 98
51618,0x0100,19 38
51652,0x0100,19 6C
51687,0x0100,19 E8
51722,0x0100,19 B0
51758,0x0100,19 20
51793,0x0100,18 E4
51829,0x0100,19 1C
51864,0x0100,19 68
51899,0x0100,19 A8
51933,0x0100,19 E8
51964,0x0064,00 FF
51968,0x0100,19 F0
52004,0x0100,19 C4
52039,0x0100,19 20
52075,0x0100,18 48
52110,0x0100,18 C8
52145,0x0100,19 9C
52179,0x0100,19 A4
52214,0x0100,19 B4
52250,0x0100,19 CC
52285,0x0100,19 F4
52321,0x0100,19 88
52356,0x0100,19 1C
52391,0x0100,19 54
52425,0x0100,19 C0
52460,0x0100,19 DC
52465,0x0009,00 86
52495,0x0100,19 C4
52500,0x0009,00 85
52531,0x0100,19 B0
52567,0x0100,19 A8
52602,0x0100,19 54
52637,0x0100,18 D4
52671,0x0100,18 84
52706,0x0100,18 E4
52711,0x0009,00 86
52741,0x0100,19 6C
52746,0x0009,00 85
52777,0x0100,19 AC
52781,0x0009,00 86
52812,0x0100,1A 00
52848,0x0100,19 B8
52883,0x0100,19 54
52888,0x0009,00 85
52918,0x0100,19 4C
52923,0x0009,00 86
52952,0x0100,19 38
52983,0x0064,00 00
52987,0x0100,19 18
53023,0x0100,18 E8
53058,0x0100,18 FC
53094,0x0100,19 20
53099,0x0009,00 85
53129,0x0100,19 44
53134,0x0009,00 86
53164,0x0100,19 84
53198,0x0100,19 80
53233,0x0100,19 34
53269,0x0100,19 48
53304,0x0100,19 E8
53340,0x0100,1A 00
53376,0x0100,19 AC
53410,0x0100,19 58
53444,0x0100,19 34
53474,0x0064,00 FF
53479,0x0100,19 10
53514,0x0100,19 14
53550,0x0100,18 F8
53575,0x0031,00 01
53585,0x0100,18 98
53621,0x0100,17 E4
53656,0x0100,15 E4
53691,0x0100,13 1C
53725,0x0100,11 2C
53741,0x0070,00 12
0012
53760,0x0100,0E D0
53776,0x0070,00 13
0013
53781,0x0001,00 01
53796,0x0100,0C D4
53810,0x0070,00 14
0014
53831,0x0100,0A EC
53846,0x0070,00 15
0015
53851,0x0001,00 02
53867,0x0100,07 54
53881,0x0070,00 17
0017
53886,0x0001,00 03
53902,0x0100,06 94
53957,0x0001,00 02
54037,0x0064,00 00
54042,0x0100,00 00
61745,0x0031,00 02
61955,0x0031,00 00
63728,0x0009,00 87
63763,0x0009,00 86
64009,0x0009,00 87
64079,0x0009,00 86
64184,0x0009,00 87
64256,0x0009,00 86
64290,0x0009,00 87
64359,0x0009,00 86
64430,0x0009,00 87
64501,0x0009,00 86
64571,0x0009,00 87
64640,0x0009,00 86
64675,0x0009,00 87
64886,0x0009,00 86
64921,0x0009,00 87
68044,0x0100,03 2C
68219,0x0100,05 E0
68255,0x0100,05 D8
68290,0x0100,05 F8
68326,0x0100,05 A8
68345,0x0001,00 03
68361,0x0100,05 9C
68396,0x0100,05 C8
68416,0x0001,00 02
68430,0x0100,06 0C
68465,0x0100,07 30
68496,0x0064,00 FF
68501,0x0100,09 84
68536,0x0100,10 78
68572,0x0100,15 48
68608,0x0100,1C 48
68642,0x0100,1F A8
68676,0x0100,21 08
68711,0x0100,21 1C
68747,0x0100,20 C8
68782,0x0100,20 20
68817,0x0100,1F FC
68853,0x0100,1F F4
68888,0x0100,1F 88
68922,0x0100,1F 24
68957,0x0100,1E FC
69028,0x0100,1F 0C
69063,0x0100,1E 6C
69099,0x0100,1E 34
69113,0x0070,00 16
0016
69134,0x0100,1F 08
69168,0x0100,1F 20
69203,0x0100,1E A8
69238,0x0100,1F 2C
69274,0x0100,1F D8
69309,0x0100,1F D0
69345,0x0100,1F B4
69380,0x0100,1F 8C
69395,0x0070,00 15
0015
69415,0x0100,1F 84
69449,0x0100,1F 8C
69480,0x0064,00 00
69520,0x0100,1F 64
69555,0x0100,1E B8
69591,0x0100,1E 8C
69626,0x0100,1E 9C
69661,0x0100,1E CC
69695,0x0100,1E C4
69716,0x0001,00 01
69730,0x0100,1E 30
69751,0x0001,00 02
69766,0x0100,1D D0
69801,0x0100,1E 74
69836,0x0100,1E 10
69851,0x0070,00 14
0014
69856,0x0001,00 01
69872,0x0100,1D 14
69907,0x0100,1D 54
69941,0x0100,1D BC
69971,0x0064,00 FF
69976,0x0100,1D 90
70011,0x0100,1D 44
70047,0x0100,1C FC
70082,0x0100,1C C4
70118,0x0100,1C D0
70168,0x0070,00 13
0013
70188,0x0100,1C CC
70222,0x0100,1C B0
70257,0x0100,1C 8C
70293,0x0100,1C 94
70328,0x0100,1C A8
70364,0x0100,1C 5C
70400,0x0100,1C 08
70434,0x0100,1B DC
70468,0x0100,1B B4
70503,0x0100,1B E4
70539,0x0100,1C 10
70574,0x0100,1C 50
70593,0x0001,00 00
70609,0x0100,1C 6C
70624,0x0070,00 12
0012
70645,0x0100,1C 1C
70680,0x0100,1C 04
70700,0x0001,00 01
70714,0x0100,1C 18
70735,0x0001,00 00
70784,0x0100,1B F8
70820,0x0100,1B D4
70855,0x0100,1B B8
70891,0x0100,1B 38
70905,0x0070,00 11
0011
70926,0x0100,1A AC
70960,0x0100,1A 94
70990,0x0064,00 00
70995,0x0100,1A B4
71030,0x0100,1A C0
71066,0x0100,1A BC
71101,0x0100,1A A0
71137,0x0100,1A 80
71172,0x0100,1A 64
71207,0x0100,1A 50
71222,0x0070,00 10
0010
71241,0x0100,1A 44
71276,0x0100,1A 3C
71312,0x0100,1A 48
71347,0x0100,1A 5C
71383,0x0100,1A 84
71418,0x0100,1A AC
71453,0x0100,1A A8
71482,0x0064,00 FF
71487,0x0100,1A 84
71522,0x0100,1A 44
71558,0x0100,1A 04
71593,0x0100,19 E0
71628,0x0100,1A 00
71664,0x0100,19 E4
71699,0x0100,19 54
71733,0x0100,19 14
71768,0x0100,19 10
71803,0x0100,18 F4
71839,0x0100,18 88
71874,0x0100,18 34
71910,0x0100,18 D0
71945,0x0100,19 84
71980,0x0100,19 C4
72014,0x0100,1A 00
72049,0x0100,1A 34
72085,0x0100,1A 60
72120,0x0100,1A 1C
72156,0x0100,19 CC
72192,0x0100,19 BC
73720,0x0100,19 FC
73756,0x0100,19 F4
73792,0x0100,19 D4
73827,0x0100,19 AC
73862,0x0100,19 88
73897,0x0100,19 4C
73931,0x0100,19 80
73967,0x0100,19 E8
73998,0x0064,00 00
74002,0x0100,19 F4
74038,0x0100,1A 0C
74063,0x0031,00 01
74073,0x0100,1A 20
74108,0x0100,1A 30
74143,0x0100,1A 3C
74177,0x0100,1A 60
74213,0x0100,19 F0
74248,0x0100,18 E8
74284,0x0100,18 B0
74319,0x0100,19 50
74354,0x0100,19 B0
74389,0x0100,19 D0
74424,0x0100,19 F8
74459,0x0100,1A 54
74490,0x0064,00 FF
74494,0x0100,1A 70
74530,0x0100,19 F4
74565,0x0100,19 90
74600,0x0100,19 30
74635,0x0100,18 E8
74670,0x0100,19 60
74704,0x0100,19 F0
74740,0x0100,19 BC
74775,0x0100,19 80
74811,0x0100,19 90
74846,0x0100,19 AC
74881,0x0100,19 C0
74916,0x0100,19 E4
74950,0x0100,19 A4
74986,0x0100,19 34
75021,0x0100,19 54
75057,0x0100,19 A4
75092,0x0100,19 E0
75127,0x0100,1A 40
75162,0x0100,1A 54
75197,0x0100,1A 3C
75232,0x0100,1A 28
75267,0x0100,1A 18
75303,0x0100,19 F0
75338,0x0100,19 90
75373,0x0100,19 7C
75408,0x0100,19 D4
75443,0x0100,19 DC
75472,0x0064,00 00
75478,0x0100,19 48
75513,0x0100,18 F8
75549,0x0100,19 A4
75584,0x0100,1A 1C
75619,0x0100,19 C0
75654,0x0100,19 78
75689,0x0100,19 E4
75723,0x0100,1A 48
75759,0x0100,19 C8
75794,0x0100,19 40
75830,0x0100,19 E0
75839,0x0076,00 D3
75865,0x0100,1A C4
75875,0x0076,00 E2
75879,0x0070,00 16
0016
75884,0x0001,00 02
75900,0x0100,1A 48
75910,0x0076,00 EB
75915,0x0070,00 19
0019
75919,0x0001,00 03
75935,0x0100,19 9C
75945,0x0076,00 F6
75950,0x0070,00 1B
001B
75955,0x0001,00 04
75964,0x0064,00 FF
75969,0x0100,1A 84
75980,0x0076,00 FC
75985,0x0070,00 1D
001D
75991,0x0001,00 05
76005,0x0100,1C 0C
76016,0x0076,00 FB
76021,0x0070,00 1C
001C
76026,0x0001,00 04
76040,0x0100,1D 30
76050,0x0076,00 F8
76056,0x0070,00 1B
001B
76061,0x0001,00 05
76076,0x0100,1F 44
76096,0x0001,00 04
76111,0x0100,20 BC
76146,0x0100,22 68
76156,0x0076,00 F5
76181,0x0100,23 A8
76191,0x0076,00 F4
77720,0x0076,00 CD
77726,0x0070,00 10
0010
77731,0x0001,00 00
77746,0x0100,20 90
77782,0x0100,1F 90
77816,0x0100,1D 30
77851,0x0100,1B 60
77867,0x0070,00 0F
000F
77886,0x0100,1A 5C
77920,0x0100,19 8C
77955,0x0100,18 6C
77991,0x0100,17 68
78026,0x0100,17 AC
78061,0x0100,18 7C
78096,0x0100,19 20
78131,0x0100,19 40
78146,0x0070,00 10
0010
78166,0x0100,19 84
78201,0x0100,19 F8
78252,0x0070,00 0F
000F
78272,0x0100,19 A8
78307,0x0100,19 6C
78342,0x0100,19 2C
78357,0x0070,00 10
0010
78377,0x0100,19 18
78387,0x0076,00 DD
78392,0x0070,00 16
0016
78411,0x0100,19 68
78423,0x0076,00 ED
78428,0x0070,00 19
0019
78433,0x0001,00 03
78447,0x0100,19 AC
78458,0x0076,00 FD
78464,0x0070,00 1E
001E
78468,0x0001,00 04
78478,0x0064,00 00
78482,0x0100,1A 48
78492,0x0076,01 0C
78498,0x0070,00 21
0021
78503,0x0001,00 06
78518,0x0100,1A E4
78527,0x0076,01 0E
78532,0x0070,00 22
0022
78538,0x0001,00 07
78553,0x0100,1C F0
78563,0x0076,01 0D
78588,0x0100,1F 08
78623,0x0100,22 88
78633,0x0076,01 0C
78638,0x0070,00 21
0021
78657,0x0100,24 78
78668,0x0076,01 0B
78693,0x0100,27 7C
78709,0x0070,00 20
0020
78728,0x0100,29 D0
78738,0x0076,01 0A
78764,0x0100,2C 54
78773,0x0076,01 09
78784,0x0001,00 06
78799,0x0100,2E 34
78808,0x0076,01 06
78813,0x0070,00 1F
001F
78834,0x0100,30 14
78844,0x0076,01 04
78853,0x0001,00 05
78869,0x0100,31 08
78879,0x0076,00 FD
78884,0x0070,00 1D
001D
78904,0x0100,32 40
78914,0x0076,00 EB
78919,0x0070,00 19
0019
78924,0x0001,00 03
78939,0x0100,33 44
78950,0x0076,00 CD
78955,0x0070,00 10
0010
78960,0x0001,00 00
78970,0x0064,00 FF
78974,0x0100,33 D0
79010,0x0100,32 F4
79045,0x0100,30 DC
79080,0x0100,2F 5C
79115,0x0100,2D 6C
79150,0x0100,2B 98
79184,0x0100,2A 24
79220,0x0100,28 C0
79255,0x0100,27 74
79291,0x0100,25 88
79326,0x0100,24 30
79361,0x0100,22 C4
79396,0x0100,21 EC
79430,0x0100,20 EC
79466,0x0100,1F E4
79501,0x0100,1D 80
79537,0x0100,1B D0
79546,0x0076,00 D0
79551,0x0070,00 0F
000F
79572,0x0100,1A 04
79581,0x0076,00 EC
79586,0x0070,00 19
0019
79591,0x0001,00 02
79607,0x0100,18 D4
79617,0x0076,00 FF
79622,0x0070,00 1E
001E
79626,0x0001,00 04
79642,0x0100,17 F4
79652,0x0076,01 1C
79657,0x0070,00 26
0026
79662,0x0001,00 08
79677,0x0100,17 14
79687,0x0076,01 2C
79692,0x0070,00 2D
002D
79697,0x0001,00 0B
79712,0x0100,18 84
79723,0x0076,01 2D
79733,0x0001,00 0C
79747,0x0100,1A B4
79768,0x0001,00 0B
79783,0x0100,1F F4
79792,0x0076,01 2A
79797,0x0070,00 2C
002C
79818,0x0100,24 BC
79823,0x0009,00 88
79827,0x0076,01 26
79832,0x0070,00 2B
002B
79853,0x0100,29 68
79858,0x0009,00 87
79863,0x0076,01 25
79867,0x0070,00 2A
002A
79872,0x0001,00 0A
79888,0x0100,2D 08
79898,0x0076,01 24
79923,0x0100,31 5C
79933,0x0076,01 1C
79938,0x0070,00 27
0027
79943,0x0001,00 09
79958,0x0100,33 EC
79969,0x0076,01 03
79974,0x0070,00 1E
001E
79979,0x0001,00 06
79988,0x0064,00 00
79993,0x0100,36 8C
80004,0x0076,00 DE
80009,0x0070,00 17
0017
80014,0x0001,00 02
80029,0x0100,37 94
80038,0x0076,00 CD
80044,0x0070,00 10
0010
80049,0x0001,00 00
80064,0x0100,37 98
80099,0x0100,35 34
80134,0x0100,33 14
80169,0x0100,31 00
80203,0x0100,2F 74
80239,0x0100,2D 34
80244,0x0009,00 88
80274,0x0100,2B 98
80279,0x0009,00 87
80310,0x0100,29 D0
80345,0x0100,29 08
80350,0x0009,00 88
80380,0x0100,26 E0
80385,0x0009,00 87
80415,0x0100,25 A8
80420,0x0009,00 88
80449,0x0100,24 74
80455,0x0009,00 87
80480,0x0064,00 FF
80485,0x0100,23 7C
80520,0x0100,22 54
80525,0x0009,00 88
80556,0x0100,21 80
80570,0x0070,00 0F
000F
80591,0x0100,1F D0
80626,0x0100,1E 64
80661,0x0100,1C 80
80696,0x0100,1B 04
80731,0x0100,19 2C
80766,0x0100,17 B0
80802,0x0100,17 E0
80837,0x0100,18 2C
80846,0x0076,00 D2
80872,0x0100,18 90
80882,0x0076,00 EE
80886,0x0070,00 18
0018
80891,0x0001,00 02
80907,0x0100,18 EC
80917,0x0076,01 02
80922,0x0070,00 1E
001E
80926,0x0001,00 04
80942,0x0100,19 18
80952,0x0076,01 08
80957,0x0070,00 20
0020
80962,0x0001,00 06
80976,0x0100,19 30
80988,0x0076,01 0D
80993,0x0070,00 22
0022
81012,0x0100,1B 04
81024,0x0076,01 17
81028,0x0070,00 24
0024
81033,0x0001,00 08
81047,0x0100,1E 54
81057,0x0076,01 19
81063,0x0070,00 25
0025
81083,0x0100,21 6C
81118,0x0100,23 B4
81128,0x0076,01 17
81153,0x0100,26 E8
81163,0x0076,01 15
81168,0x0070,00 24
0024
81188,0x0100,2A 20
81198,0x0076,01 13
81222,0x0100,2C 84
81233,0x0076,01 11
81239,0x0070,00 22
0022
81244,0x0001,00 07
81258,0x0100,2F B0
81269,0x0076,01 0E
81294,0x0100,31 BC
81329,0x0100,33 C8
81338,0x0076,01 0F
81364,0x0100,35 1C
81374,0x0076,01 11
81378,0x0070,00 23
0023
81399,0x0100,36 C0
81434,0x0100,37 F4
81444,0x0076,01 14
81449,0x0070,00 24
0024
81463,0x0064,00 00
81469,0x0100,39 B8
81504,0x0100,3B 18
81515,0x0076,01 15
81539,0x0100,3C E8
81575,0x0100,3E 10
81610,0x0100,3F 9C
81645,0x0100,40 E4
81655,0x0076,01 13
81680,0x0100,42 70
81690,0x0076,01 12
81695,0x0070,00 23
0023
81715,0x0100,43 80
81750,0x0100,44 B8
81761,0x0076,01 10
81766,0x0070,00 22
0022
81785,0x0100,45 98
81796,0x0076,01 07
81801,0x0070,00 20
0020
81820,0x0100,46 90
81830,0x0076,00 EC
81836,0x0070,00 1A
001A
81841,0x0001,00 04
81856,0x0100,46 E4
81865,0x0076,00 CD
81870,0x0070,00 10
0010
81876,0x0001,00 00
81891,0x0100,45 2C
81926,0x0100,42 48
81961,0x0100,3D E8
81990,0x0064,00 FF
81995,0x0100,3A F0
82031,0x0100,37 98
82066,0x0100,36 54
82102,0x0100,33 80
82137,0x0100,32 64
82172,0x0100,30 CC
82207,0x0100,2E 54
82241,0x0100,2C C8
82277,0x0100,2A 84
82312,0x0100,28 B4
82348,0x0100,27 0C
82383,0x0100,25 5C
82418,0x0100,23 08
82453,0x0100,21 30
82468,0x0070,00 0F
000F
82488,0x0100,1F A8
82523,0x0100,1E C8
82558,0x0100,1C E4
82594,0x0100,1B 34
82629,0x0100,19 A8
82664,0x0100,18 7C
82699,0x0100,18 0C
82734,0x0100,18 38
82768,0x0100,18 28
82804,0x0100,17 E8
82839,0x0100,17 EC
82875,0x0100,18 A8
82910,0x0100,19 A0
82974,0x0064,00 00
82980,0x0100,19 9C
83014,0x0100,19 94
83050,0x0100,19 8C
83085,0x0100,19 68
83121,0x0100,19 28
83156,0x0100,19 30
83191,0x0100,19 3C
83226,0x0100,19 48
83261,0x0100,19 54
83296,0x0100,18 E0
83331,0x0100,18 58
83402,0x0100,18 EC
83437,0x0100,19 68
83467,0x0064,00 FF
83472,0x0100,19 64
83507,0x0100,19 58
83542,0x0100,19 48
83577,0x0100,19 3C
83613,0x0100,19 60
83648,0x0100,19 9C
83683,0x0100,19 88
83718,0x0100,19 70
83753,0x0100,19 78
83787,0x0100,19 80
83823,0x0100,19 28
83858,0x0100,18 9C
83894,0x0100,18 A4
83929,0x0100,18 E0
83964,0x0100,19 0C
83999,0x0100,19 54
84033,0x0100,19 64
84069,0x0100,19 1C
84104,0x0100,18 E8
84140,0x0100,18 D4
84175,0x0100,18 E4
84210,0x0100,19 34
84245,0x0100,19 90
84280,0x0100,19 54
84315,0x0100,18 F8
84350,0x0100,19 14
84386,0x0100,19 40
84421,0x0100,19 1C
84456,0x0100,18 E4
84486,0x0064,00 00
84491,0x0100,18 F8
84526,0x0100,19 34
84560,0x0100,19 5C
84596,0x0100,19 84
84631,0x0100,19 7C
84667,0x0100,19 3C
84702,0x0100,19 38
84737,0x0100,19 A4
84772,0x0100,19 E4
84806,0x0100,1A 00
84842,0x0100,19 F0
84877,0x0100,19 5C
84913,0x0100,18 F8
84948,0x0100,19 7C
84978,0x0064,00 FF
84983,0x0100,19 F0
85018,0x0100,19 D4
85053,0x0100,19 B4
85088,0x0100,19 68
85123,0x0100,19 20
85159,0x0100,19 34
85194,0x0100,19 68
85229,0x0100,19 4C
85264,0x0100,19 0C
85299,0x0100,19 14
85334,0x0100,19 3C
85369,0x0100,19 38
85405,0x0100,19 08
85440,0x0100,18 FC
85475,0x0100,19 18
85510,0x0100,19 1C
85545,0x0100,18 EC
85579,0x0100,18 D0
85615,0x0100,19 4C
85650,0x0100,19 B0
85686,0x0100,19 80
85721,0x0100,19 58
85756,0x0100,19 8C
85791,0x0100,19 C4
85825,0x0100,19 98
85861,0x0100,19 60
85896,0x0100,19 68
85932,0x0100,19 7C
85962,0x0064,00 00
85967,0x0100,19 98
86002,0x0100,19 BC
86037,0x0100,19 C4
86072,0x0100,19 AC
86107,0x0100,19 60
86142,0x0100,18 DC
86178,0x0100,18 E4
86213,0x0100,19 88
86248,0x0100,19 C8
86283,0x0100,19 A8
86317,0x0100,19 8C
86352,0x0100,19 68
86388,0x0100,19 5C
86423,0x0100,19 D8
86454,0x0064,00 FF
86459,0x0100,1A 2C
86494,0x0100,19 EC
86529,0x0100,19 B4
86564,0x0100,19 64
86569,0x0009,00 89
86598,0x0100,19 0C
86604,0x0009,00 88
86634,0x0100,19 38
86669,0x0100,19 70
86705,0x0100,19 5C
86709,0x0009,00 89
86740,0x0100,19 38
86775,0x0100,19 64
86810,0x0100,19 B8
86845,0x0100,19 74
86880,0x0100,18 F4
86886,0x0009,00 88
86915,0x0100,18 D4
86951,0x0100,19 48
86955,0x0009,00 89
86986,0x0100,19 BC
87021,0x0100,19 DC
87056,0x0100,19 D0
87080,0x0031,00 00
87091,0x0100,19 60
87126,0x0100,19 00
87152,0x0031,00 02
87161,0x0100,19 84
87197,0x0100,19 C4
87232,0x0100,19 4C
87257,0x0031,00 00
87267,0x0100,18 F0
87302,0x0100,19 84
87337,0x0100,1A 14
87371,0x0100,19 DC
87407,0x0100,19 98
87442,0x0100,19 38
87473,0x0064,00 00
87478,0x0100,18 DC
87513,0x0100,19 44
87548,0x0100,19 DC
87583,0x0100,19 D0
87617,0x0100,19 78
87653,0x0100,19 38
87688,0x0100,19 20
87724,0x0100,19 24
87759,0x0100,19 50
87794,0x0100,19 70
87829,0x0100,19 5C
87864,0x0100,19 28
87899,0x0100,18 E0
87934,0x0100,18 78
87965,0x0064,00 FF
87970,0x0100,18 C0
88005,0x0100,19 34
88040,0x0100,19 4C
88075,0x0100,19 7C
88110,0x0100,19 78
88180,0x0100,19 50
89725,0x0070,00 10
0010
89746,0x0100,19 B0
89782,0x0100,19 74
89816,0x0100,19 9C
89851,0x0100,19 BC
89886,0x0100,19 B8
89958,0x0100,19 CC
89993,0x0100,19 D8
90028,0x0100,19 CC
90063,0x0100,19 C4
90097,0x0100,19 D0
90132,0x0100,19 CC
90168,0x0100,19 74
90204,0x0100,18 F8
90240,0x0100,19 4C
90274,0x0100,19 B0
90309,0x0100,19 74
90343,0x0100,19 38
90378,0x0100,19 50
90414,0x0100,19 74
90449,0x0100,19 B0
90480,0x0064,00 00
90485,0x0100,19 E4
90520,0x0100,19 EC
90555,0x0100,19 DC
90589,0x0100,19 F4
90624,0x0100,1A 2C
90659,0x0100,19 F8
90695,0x0100,19 80
90731,0x0100,19 5C
90766,0x0100,19 AC
90801,0x0100,1A 20
90836,0x0100,1A 80
90870,0x0100,1A 74
90905,0x0100,19 C8
90941,0x0100,19 3C
90972,0x0064,00 FF
90977,0x0100,19 68
91012,0x0100,19 90
91047,0x0100,19 70
91082,0x0100,19 58
91116,0x0100,19 48
91151,0x0100,19 30
91187,0x0100,19 64
91223,0x0100,19 C0
91258,0x0100,19 F4
91293,0x0100,1A 24
91328,0x0100,19 D0
91362,0x0100,19 7C
91397,0x0100,19 70
91432,0x0100,19 7C
91468,0x0100,19 24
91504,0x0100,18 C0
91539,0x0100,18 E0
91574,0x0100,19 60
91608,0x0100,19 A8
91643,0x0100,19 84
91678,0x0100,19 A8
91714,0x0100,1A 24
91750,0x0100,1A 40
91785,0x0100,19 94
91820,0x0100,18 50
91855,0x0100,16 68
91889,0x0100,13 F8
91924,0x0100,12 50
91940,0x0070,00 11
0011
91955,0x0064,00 00
91960,0x0100,10 08
91974,0x0070,00 12
0012
91996,0x0100,0E D4
92010,0x0070,00 13
0013
92032,0x0100,0C A0
92045,0x0070,00 14
0014
92050,0x0001,00 01
92066,0x0100,0B 84
92081,0x0070,00 15
0015
92085,0x0001,00 02
92101,0x0100,0A 94
92116,0x0070,00 17
0017
92121,0x0001,00 03
92135,0x0100,05 D0
92156,0x0001,00 02
92170,0x0100,04 EC
92191,0x0001,00 03
92206,0x0100,04 80
92226,0x0001,00 02
92347,0x0100,00 00
94039,0x0009,00 8A
94074,0x0009,00 89
94144,0x0009,00 8A
94179,0x0009,00 89
94213,0x0009,00 8A
